;;;;;;;;;;;
;;;;;;;;;;;
;;;;;;;;;;;
;;;;;;;;;;;
;;;;;;;;;;;
;;;;;;;;;;;
;;;;;;;;;;;
;;;;;;;;;;;
;;;;;;;;;;;
"Instruments - CompositeReport
";;;;;;;;;;;
;;;;;;;;;;;
;;;;;;;;;;;
;;;;;;;;;;;
;;;;;;;;;;;
;;;;;;;;;;;
;;;;;;;;;;;
;;;;;;;;;;;
;;;;;;;;;;;
;;;;;;;;;;;
;;;;;;;;;;;
;;;;;;;;;;;
;;;;;;;;;;;
;;;;;;;;;;;
;;;;;;;;;;;
;;;;;;;;;;;
;;;;;;;;;;;
;;;;;;;;;;;
;;;;;;;;;;;
"Transform
Measurements 20Sep21::0 - Leica AT960/930";;;;;;;;;;;
# Meas.;268;;;;;;;;;;
Scale Factor;1;;;;;;;;;;
Position;X;Y;Z;;;;;;;;
(mm);1905,9529;-1490,3756;65,192;;;;;;;;
Rotation;Rx;Ry;Rz;;;;;;;;
(gon);399,90128;0,11576;215,54599;;;;;;;;
"Observations
Measurements 20Sep21::0 - Leica AT960/930";;;;;;;;;;;
Collection;Group;Target;Azimuth (gon);Elevation (gon);Distance (mm);Offset1 (mm);Offset2 (mm);Date & Time;;User;Active
Measurements 20Sep21;BFIT0;K3;223,60232;112,44847;6086,65;19,05;19,05;20.09.2021 08:56;;;Yes
Measurements 20Sep21;BFIT0;K3;23,60235;287,55209;6086,6456;19,05;19,05;20.09.2021 08:56;;;Yes
Measurements 20Sep21;BFIT0;K4;258,02977;92,34772;4816,5821;19,05;19,05;20.09.2021 08:56;;;Yes
Measurements 20Sep21;BFIT0;K4;58,02946;307,65322;4816,5815;19,05;19,05;20.09.2021 08:57;;;Yes
Measurements 20Sep21;BFIT0;K7;332,18482;127,43129;3370,2626;19,05;19,05;20.09.2021 08:57;;;Yes
Measurements 20Sep21;BFIT0;K7;132,18475;272,56948;3370,2615;19,05;19,05;20.09.2021 08:57;;;Yes
Measurements 20Sep21;BFIT0;K9;6,21705;93,298;5275,8146;19,05;19,05;20.09.2021 08:57;;;Yes
Measurements 20Sep21;BFIT0;K9;206,21673;306,7023;5275,8137;19,05;19,05;20.09.2021 08:57;;;Yes
Measurements 20Sep21;Czechs;1;179,52347;94,48021;2364,7876;19,05;19,05;20.09.2021 09:09;;;Yes
Measurements 20Sep21;Hor_Right_Top_DN;PQK36_5;179,52332;94,4806;2364,7917;19,05;19,05;20.09.2021 09:17;;;Yes
Measurements 20Sep21;Hor_Right_Top_DN;PQK36_11;179,53221;94,48986;2744,8556;19,05;19,05;20.09.2021 09:17;;;Yes
Measurements 20Sep21;Hor_Right_Top_DN;PQL6_5;179,52253;94,48139;3677,5234;19,05;19,05;20.09.2021 09:18;;;Yes
Measurements 20Sep21;Hor_Right_Top_DN;PQL6_11;179,52206;94,49129;4337,029;19,05;19,05;20.09.2021 09:18;;;Yes
Measurements 20Sep21;Hor_Right_Top_DN;PQK62_5;179,52851;94,48674;5240,8862;19,05;19,05;20.09.2021 09:18;;;Yes
Measurements 20Sep21;Hor_Right_Top_DN;PQK62_11;179,53061;94,48269;5621,2989;19,05;19,05;20.09.2021 09:19;;;Yes
Measurements 20Sep21;Hor_Right_Top_DN;PQK62_11b;179,53062;94,48291;5621,2976;19,05;19,05;20.09.2021 09:19;;;Yes
Measurements 20Sep21;Hor_Right_Top_DN;PQK62_5b;179,52859;94,48665;5240,8838;19,05;19,05;20.09.2021 09:19;;;Yes
Measurements 20Sep21;Hor_Right_Top_DN;PQL6_11b;179,52215;94,49126;4337,0265;19,05;19,05;20.09.2021 09:20;;;Yes
Measurements 20Sep21;Hor_Right_Top_DN;PQL6_5b;179,52273;94,48132;3677,519;19,05;19,05;20.09.2021 09:20;;;Yes
Measurements 20Sep21;Hor_Right_Top_DN;PQK36_11b;179,5321;94,48991;2744,8531;19,05;19,05;20.09.2021 09:20;;;Yes
Measurements 20Sep21;Hor_Right_Top_DN;PQK36_5b;179,52317;94,4806;2364,7862;19,05;19,05;20.09.2021 09:20;;;Yes
Measurements 20Sep21;Czechs;2;179,50444;109,52421;2376,9123;19,05;19,05;20.09.2021 09:23;;;Yes
Measurements 20Sep21;Hor_Right_Bottom_DN;PQK36_6;179,50468;109,5244;2376,9101;19,05;19,05;20.09.2021 09:26;;;Yes
Measurements 20Sep21;Hor_Right_Bottom_DN;PQK36_12;179,50856;109,53525;2756,9915;19,05;19,05;20.09.2021 09:26;;;Yes
Measurements 20Sep21;Hor_Right_Bottom_DN;Girder_14;179,50696;109,52457;3224,5968;19,05;19,05;20.09.2021 09:26;;;Yes
Measurements 20Sep21;Hor_Right_Bottom_DN;PQL6_6;179,51059;109,52509;3689,9556;19,05;19,05;20.09.2021 09:26;;;Yes
Measurements 20Sep21;Hor_Right_Bottom_DN;PQL6_12;179,5066;109,52364;4349,6534;19,05;19,05;20.09.2021 09:27;;;Yes
Measurements 20Sep21;Hor_Right_Bottom_DN;Girder_6;179,50763;109,52378;4796,1531;19,05;19,05;20.09.2021 09:27;;;Yes
Measurements 20Sep21;Hor_Right_Bottom_DN;PQK62_6;179,50439;109,52071;5254,4214;19,05;19,05;20.09.2021 09:27;;;Yes
Measurements 20Sep21;Hor_Right_Bottom_DN;PQK62_12;179,50881;109,52699;5634,1255;19,05;19,05;20.09.2021 09:27;;;Yes
Measurements 20Sep21;Hor_Right_Bottom_DN;PQK62_12b;179,50882;109,5271;5634,125;19,05;19,05;20.09.2021 09:28;;;Yes
Measurements 20Sep21;Hor_Right_Bottom_DN;PQK62_6b;179,50426;109,52073;5254,4211;19,05;19,05;20.09.2021 09:28;;;Yes
Measurements 20Sep21;Hor_Right_Bottom_DN;Girder_6b;179,50794;109,5236;4796,1533;19,05;19,05;20.09.2021 09:28;;;Yes
Measurements 20Sep21;Hor_Right_Bottom_DN;PQL6_12b;179,50675;109,52349;4349,6522;19,05;19,05;20.09.2021 09:28;;;Yes
Measurements 20Sep21;Hor_Right_Bottom_DN;PQL6_6b;179,51045;109,52485;3689,9537;19,05;19,05;20.09.2021 09:28;;;Yes
Measurements 20Sep21;Hor_Right_Bottom_DN;Girder_14b;179,50696;109,52465;3224,5954;19,05;19,05;20.09.2021 09:29;;;Yes
Measurements 20Sep21;Hor_Right_Bottom_DN;PQK36_12b;179,50842;109,53502;2756,9912;19,05;19,05;20.09.2021 09:29;;;Yes
Measurements 20Sep21;Hor_Right_Bottom_DN;PQK36_6b;179,50473;109,52428;2376,9094;19,05;19,05;20.09.2021 09:29;;;Yes
Measurements 20Sep21;Czechs;3;177,24404;91,43693;2541,2055;19,05;19,05;20.09.2021 09:34;;;Yes
Measurements 20Sep21;Hor_Top_Right_DN;PQK36_4;177,24421;91,43694;2541,2044;19,05;19,05;20.09.2021 09:37;;;Yes
Measurements 20Sep21;Hor_Top_Right_DN;PQK36_10;177,25534;91,44455;2920,8295;19,05;19,05;20.09.2021 09:37;;;Yes
Measurements 20Sep21;Hor_Top_Right_DN;PQL6_4;177,23657;91,43808;3853,9272;19,05;19,05;20.09.2021 09:37;;;Yes
Measurements 20Sep21;Hor_Top_Right_DN;PQL6_10;177,23536;91,43539;4513,7388;19,05;19,05;20.09.2021 09:38;;;Yes
Measurements 20Sep21;Hor_Top_Right_DN;PQK62_4;177,22103;91,43129;5418,4053;19,05;19,05;20.09.2021 09:38;;;Yes
Measurements 20Sep21;Hor_Top_Right_DN;PQK62_10;177,22737;91,43777;5798,4156;19,05;19,05;20.09.2021 09:38;;;Yes
Measurements 20Sep21;Hor_Top_Right_DN;PQK62_10b;177,2276;91,43755;5798,4131;19,05;19,05;20.09.2021 09:39;;;Yes
Measurements 20Sep21;Hor_Top_Right_DN;PQK62_4b;177,22073;91,43099;5418,4044;19,05;19,05;20.09.2021 09:39;;;Yes
Measurements 20Sep21;Hor_Top_Right_DN;PQL6_10b;177,23553;91,43499;4513,7361;19,05;19,05;20.09.2021 09:40;;;Yes
Measurements 20Sep21;Hor_Top_Right_DN;PQL6_4b;177,23678;91,43803;3853,9249;19,05;19,05;20.09.2021 09:40;;;Yes
Measurements 20Sep21;Hor_Top_Right_DN;PQK36_10b;177,25531;91,44482;2920,8275;19,05;19,05;20.09.2021 09:40;;;Yes
Measurements 20Sep21;Hor_Top_Right_DN;PQK36_4b;177,244;91,4369;2541,2037;19,05;19,05;20.09.2021 09:41;;;Yes
Measurements 20Sep21;Czechs;4;56,76093;90,74409;2319,0271;19,05;19,05;20.09.2021 09:45;;;Yes
Measurements 20Sep21;Hor_Top_Right_UP;PQK62_10;56,76096;90,74411;2319,0268;19,05;19,05;20.09.2021 09:46;;;Yes
Measurements 20Sep21;Hor_Top_Right_UP;PQK62_4;56,77821;90,72671;2699,039;19,05;19,05;20.09.2021 09:47;;;Yes
Measurements 20Sep21;Hor_Top_Right_UP;PQL6_10;56,7615;90,72951;3603,7093;19,05;19,05;20.09.2021 09:47;;;Yes
Measurements 20Sep21;Hor_Top_Right_UP;PQL6_4;56,76599;90,72946;4263,5204;19,05;19,05;20.09.2021 09:48;;;Yes
Measurements 20Sep21;Hor_Top_Right_UP;PQK36_10;56,76154;90,73;5196,6185;19,05;19,05;20.09.2021 09:48;;;Yes
Measurements 20Sep21;Hor_Top_Right_UP;PQK36_4;56,77072;90,72469;5576,2422;19,05;19,05;20.09.2021 09:48;;;Yes
Measurements 20Sep21;Hor_Top_Right_UP;PQK36_4b;56,77062;90,72465;5576,2414;19,05;19,05;20.09.2021 09:51;;;Yes
Measurements 20Sep21;Hor_Top_Right_UP;PQK36_10b;56,76169;90,72997;5196,6183;19,05;19,05;20.09.2021 09:52;;;Yes
Measurements 20Sep21;Hor_Top_Right_UP;PQL6_4b;56,76599;90,72919;4263,5184;19,05;19,05;20.09.2021 09:53;;;Yes
Measurements 20Sep21;Hor_Top_Right_UP;PQL6_10b;56,76154;90,72924;3603,7074;19,05;19,05;20.09.2021 09:53;;;Yes
Measurements 20Sep21;Hor_Top_Right_UP;PQL62_4b;56,77804;90,72637;2699,0379;19,05;19,05;20.09.2021 09:53;;;Yes
Measurements 20Sep21;Hor_Top_Right_UP;PQL62_10b;56,76086;90,74401;2319,0305;19,05;19,05;20.09.2021 09:54;;;Yes
Measurements 20Sep21;Czechs;5;53,4692;94,06598;2244,8009;19,05;19,05;20.09.2021 09:57;;;Yes
Measurements 20Sep21;Hor_Right_Top_UP;PQK62_11;53,46908;94,06554;2244,799;19,05;19,05;20.09.2021 09:59;;;Yes
Measurements 20Sep21;Hor_Right_Top_UP;PQK62_5;53,47408;94,07575;2625,2137;19,05;19,05;20.09.2021 09:59;;;Yes
Measurements 20Sep21;Hor_Right_Top_UP;PQL6_11;53,48181;94,08229;3529,0752;19,05;19,05;20.09.2021 09:59;;;Yes
Measurements 20Sep21;Hor_Right_Top_UP;PQL6_5;53,47891;94,07256;4188,5773;19,05;19,05;20.09.2021 09:59;;;Yes
Measurements 20Sep21;Hor_Right_Top_UP;PQK36_11;53,47169;94,07869;5121,2442;19,05;19,05;20.09.2021 09:59;;;Yes
Measurements 20Sep21;Hor_Right_Top_UP;PQK36_5;53,47579;94,07431;5501,3117;19,05;19,05;20.09.2021 09:59;;;Yes
Measurements 20Sep21;Hor_Right_Top_UP;PQK36_5b;53,47602;94,07475;5501,309;19,05;19,05;20.09.2021 10:00;;;Yes
Measurements 20Sep21;Hor_Right_Top_UP;PQK36_11b;53,47178;94,07883;5121,2434;19,05;19,05;20.09.2021 10:00;;;Yes
Measurements 20Sep21;Hor_Right_Top_UP;PQL6_5b;53,47876;94,07226;4188,5789;19,05;19,05;20.09.2021 10:00;;;Yes
Measurements 20Sep21;Hor_Right_Top_UP;PQL6_11b;53,48169;94,08195;3529,0755;19,05;19,05;20.09.2021 10:00;;;Yes
Measurements 20Sep21;Hor_Right_Top_UP;PQK62_5b;53,474;94,07565;2625,2133;19,05;19,05;20.09.2021 10:00;;;Yes
Measurements 20Sep21;Hor_Right_Top_UP;PQK62_11b;53,46919;94,06559;2244,7998;19,05;19,05;20.09.2021 10:01;;;Yes
Measurements 20Sep21;Czechs;6;53,51873;109,85032;2250,5595;19,05;19,05;20.09.2021 10:03;;;Yes
Measurements 20Sep21;Hor_Right_Bottom_UP [notes];PQK62_12;53,51833;109,85045;2250,561;19,05;19,05;20.09.2021 10:08;;;Yes
Measurements 20Sep21;Hor_Right_Bottom_UP [notes];PQK62_6;53,52609;109,83819;2630,2642;19,05;19,05;20.09.2021 10:08;;;Yes
Measurements 20Sep21;Hor_Right_Bottom_UP [notes];Girder_6;53,51775;109,84584;3088,5286;19,05;19,05;20.09.2021 10:08;;;Yes
Measurements 20Sep21;Hor_Right_Bottom_UP [notes];PQL6_12;53,51822;109,84652;3535,0335;19,05;19,05;20.09.2021 10:08;;;Yes
Measurements 20Sep21;Hor_Right_Bottom_UP [notes];PQL6_6;53,51334;109,84919;4194,7301;19,05;19,05;20.09.2021 10:09;;;No
Measurements 20Sep21;Hor_Right_Bottom_UP [notes];Girder_14;53,51598;109,84948;4660,0881;19,05;19,05;20.09.2021 10:09;;;No
Measurements 20Sep21;Hor_Right_Bottom_UP [notes];PQK36_12;53,51413;109,85592;5127,6945;19,05;19,05;20.09.2021 10:09;;;Yes
Measurements 20Sep21;Hor_Right_Bottom_UP [notes];PQK36_6;53,51586;109,85032;5507,771;19,05;19,05;20.09.2021 10:09;;;Yes
Measurements 20Sep21;Hor_Right_Bottom_UP [notes];PQK36_6b;53,51556;109,85035;5507,769;19,05;19,05;20.09.2021 10:10;;;Yes
Measurements 20Sep21;Hor_Right_Bottom_UP [notes];PQK36_12b;53,51428;109,85576;5127,6897;19,05;19,05;20.09.2021 10:10;;;Yes
Measurements 20Sep21;Hor_Right_Bottom_UP [notes];Girder_14;53,51566;109,84998;4660,0818;19,05;19,05;20.09.2021 10:10;;;Yes
Measurements 20Sep21;Hor_Right_Bottom_UP [notes];PQL6_6;53,51336;109,84935;4194,7259;19,05;19,05;20.09.2021 10:11;;;Yes
Measurements 20Sep21;Hor_Right_Bottom_UP [notes];PQL6_12b;53,51828;109,84661;3535,0275;19,05;19,05;20.09.2021 10:11;;;Yes
Measurements 20Sep21;Hor_Right_Bottom_UP [notes];Girder_6b;53,5179;109,84573;3088,5241;19,05;19,05;20.09.2021 10:11;;;Yes
Measurements 20Sep21;Hor_Right_Bottom_UP [notes];PQK62_6b;53,52624;109,83826;2630,2594;19,05;19,05;20.09.2021 10:11;;;Yes
Measurements 20Sep21;Hor_Right_Bottom_UP [notes];PQK62_12b;53,51837;109,85042;2250,5573;19,05;19,05;20.09.2021 10:12;;;Yes
Measurements 20Sep21;Czechs;7;54,54892;85,78094;2629,1991;19,05;19,05;20.09.2021 10:17;;;Yes
Measurements 20Sep21;Diag_Right_UP [notes];PQK62_5;54,54886;85,78137;2629,1955;19,05;19,05;20.09.2021 10:18;;;Yes
Measurements 20Sep21;Diag_Right_UP [notes];PQL6_12;54,54252;85,77664;3671,7117;19,05;19,05;20.09.2021 10:19;;;No
Measurements 20Sep21;Diag_Right_UP [notes];Girder_10;54,53775;85,77742;4045,6083;19,05;19,05;20.09.2021 10:19;;;Yes
Measurements 20Sep21;Diag_Right_UP [notes];PQL6_12;54,54248;85,77658;3671,7103;19,05;19,05;20.09.2021 10:20;;;No
Measurements 20Sep21;Diag_Right_UP [notes];Girder_10b;54,53799;85,77717;4045,6055;19,05;19,05;20.09.2021 10:20;;;Yes
Measurements 20Sep21;Diag_Right_UP [notes];PQL6_12;54,54234;85,77651;3671,708;19,05;19,05;20.09.2021 10:20;;;Yes
Measurements 20Sep21;Diag_Right_UP [notes];PQK62_5b;54,54904;85,78111;2629,1933;19,05;19,05;20.09.2021 10:21;;;Yes
Measurements 20Sep21;Czechs;8;178,63929;86,37171;2754,7366;19,05;19,05;20.09.2021 10:23;;;Yes
Measurements 20Sep21;Diag_Right_DN;PQK36_11;178,6394;86,37177;2754,7384;19,05;19,05;20.09.2021 10:25;;;Yes
Measurements 20Sep21;Diag_Right_DN;PQL6_6;178,65413;86,37343;3821,932;19,05;19,05;20.09.2021 10:25;;;Yes
Measurements 20Sep21;Diag_Right_DN;Girder_10;178,65782;86,3691;4205,8602;19,05;19,05;20.09.2021 10:25;;;Yes
Measurements 20Sep21;Diag_Right_DN;Girder_10b;178,65777;86,3691;4205,8593;19,05;19,05;20.09.2021 10:26;;;Yes
Measurements 20Sep21;Diag_Right_DN;PQL6_6b;178,65401;86,37336;3821,9294;19,05;19,05;20.09.2021 10:26;;;Yes
Measurements 20Sep21;Diag_Right_DN;PQK36_11b;178,6395;86,37178;2754,7385;19,05;19,05;20.09.2021 10:26;;;Yes
Measurements 20Sep21;Czechs;9;182,59127;90,84253;2797,3525;19,05;19,05;20.09.2021 10:38;;;Yes
Measurements 20Sep21;Diag_Top_DN;PQK36_10;182,59148;90,84253;2797,3546;19,05;19,05;20.09.2021 10:46;;;Yes
Measurements 20Sep21;Diag_Top_DN;PQL6_3;182,6057;90,82356;3805,1497;19,05;19,05;20.09.2021 10:47;;;Yes
Measurements 20Sep21;Diag_Top_DN;PQL6_3b;182,6055;90,82313;3805,152;19,05;19,05;20.09.2021 10:48;;;Yes
Measurements 20Sep21;Diag_Top_DN;PQK36_10b;182,59138;90,84288;2797,3567;19,05;19,05;20.09.2021 10:48;;;Yes
Measurements 20Sep21;Czechs;10;50,64096;90,22078;2663,3477;19,05;19,05;20.09.2021 10:50;;;Yes
Measurements 20Sep21;Diag_Top_UP;PQK62_4;50,64073;90,22056;2663,3502;19,05;19,05;20.09.2021 10:53;;;Yes
Measurements 20Sep21;Diag_Top_UP;PQL6_9;50,62496;90,21609;3644,3068;19,05;19,05;20.09.2021 10:53;;;Yes
Measurements 20Sep21;Diag_Top_UP;PQL6_9b;50,62512;90,21622;3644,306;19,05;19,05;20.09.2021 10:54;;;Yes
Measurements 20Sep21;Diag_Top_UP;PQK62_4b;50,64057;90,22088;2663,3498;19,05;19,05;20.09.2021 10:55;;;Yes
Measurements 20Sep21;Czechs;11;56,14972;85,53412;2281,0816;6,35;6,35;20.09.2021 11:10;;;Yes
Measurements 20Sep21;Ver_Right_UP_UP;PQK62_11;56,15019;85,53425;2281,0714;6,35;6,35;20.09.2021 11:11;;;Yes
Measurements 20Sep21;Ver_Right_UP_UP;PQK62_12;56,13794;85,52953;2801,4054;6,35;6,35;20.09.2021 11:12;;;Yes
Measurements 20Sep21;Ver_Right_UP_UP;Girder_2;56,13526;85,52766;2935,9384;6,35;6,35;20.09.2021 11:12;;;Yes
Measurements 20Sep21;Ver_Right_UP_UP;Girder_2b;56,13525;85,52753;2935,94;6,35;6,35;20.09.2021 11:12;;;Yes
Measurements 20Sep21;Ver_Right_UP_UP;PQK62_12b;56,13795;85,52924;2801,41;6,35;6,35;20.09.2021 11:13;;;Yes
Measurements 20Sep21;Ver_Right_UP_UP;PQK62_11b;56,15009;85,53388;2281,0778;6,35;6,35;20.09.2021 11:13;;;Yes
Measurements 20Sep21;Czechs;12;64,77431;84,62347;1947,9841;6,35;6,35;20.09.2021 11:15;;;Yes
Measurements 20Sep21;Ver_Right_UP_DN;PQK62_5;64,77459;84,62334;1947,983;6,35;6,35;20.09.2021 11:16;;;Yes
Measurements 20Sep21;Ver_Right_UP_DN;PQK62_6;64,76618;84,61827;2467,3725;6,35;6,35;20.09.2021 11:17;;;Yes
Measurements 20Sep21;Ver_Right_UP_DN;Girder_4;64,76373;84,61844;2657,4089;6,35;6,35;20.09.2021 11:17;;;Yes
Measurements 20Sep21;Ver_Right_UP_DN;Girder_4b;64,76361;84,61824;2657,4098;6,35;6,35;20.09.2021 11:17;;;Yes
Measurements 20Sep21;Ver_Right_UP_DN;PQK62_6b;64,76619;84,6181;2467,3818;6,35;6,35;20.09.2021 11:18;;;Yes
Measurements 20Sep21;Ver_Right_UP_DN;PQK62_5b;64,77468;84,62328;1947,9935;6,35;6,35;20.09.2021 11:19;;;Yes
Measurements 20Sep21;Czechs;13;99,71812;78,56278;1513,1561;6,35;6,35;20.09.2021 11:22;;;Yes
Measurements 20Sep21;Ver_Right_MD_UP;PQL6_11;99,71861;78,56339;1513,1487;6,35;6,35;20.09.2021 11:24;;;Yes
Measurements 20Sep21;Ver_Right_MD_UP;PQL6_12;99,70801;78,55276;2032,2178;6,35;6,35;20.09.2021 11:25;;;Yes
Measurements 20Sep21;Ver_Right_MD_UP;Girder_8;99,70466;78,5521;2221,3755;6,35;6,35;20.09.2021 11:25;;;Yes
Measurements 20Sep21;Ver_Right_MD_UP;Girder_8b;99,70468;78,55189;2221,3755;6,35;6,35;20.09.2021 11:25;;;Yes
Measurements 20Sep21;Ver_Right_MD_UP;PQL6_12b;99,70798;78,55238;2032,2252;6,35;6,35;20.09.2021 11:26;;;Yes
Measurements 20Sep21;Ver_Right_MD_UP;PQL6_11b;99,71833;78,56277;1513,1543;6,35;6,35;20.09.2021 11:26;;;Yes
Measurements 20Sep21;Czechs;14;134,59353;78,86947;1528,6353;6,35;6,35;20.09.2021 11:28;;;Yes
Measurements 20Sep21;Ver_Right_MD_DN;PQL6_5;134,59323;78,86929;1528,6321;6,35;6,35;20.09.2021 11:29;;;Yes
Measurements 20Sep21;Ver_Right_MD_DN;PQL6_6;134,59426;78,84907;2048,227;6,35;6,35;20.09.2021 11:29;;;Yes
Measurements 20Sep21;Ver_Right_MD_DN;Girder_12;134,59448;78,84441;2237,8636;6,35;6,35;20.09.2021 11:30;;;Yes
Measurements 20Sep21;Ver_Right_MD_DN;Girder_12b;134,59465;78,84464;2237,87;6,35;6,35;20.09.2021 11:30;;;Yes
Measurements 20Sep21;Ver_Right_MD_DN;PQL6_6b;134,59409;78,84885;2048,2281;6,35;6,35;20.09.2021 11:30;;;Yes
Measurements 20Sep21;Ver_Right_MD_DN;PQL6_5b;134,59288;78,86915;1528,6394;6,35;6,35;20.09.2021 11:31;;;Yes
Measurements 20Sep21;Czechs;15;168,70796;85,54252;2004,8548;6,35;6,35;20.09.2021 11:33;;;Yes
Measurements 20Sep21;Ver_Right_DN_UP;PQK36_11;168,70797;85,54284;2004,8653;6,35;6,35;20.09.2021 11:34;;;Yes
Measurements 20Sep21;Ver_Right_DN_UP;PQK36_12;168,71651;85,53479;2524,2085;6,35;6,35;20.09.2021 11:34;;;Yes
Measurements 20Sep21;Ver_Right_DN_UP;Girder_16;168,71984;85,53173;2710,3881;6,35;6,35;20.09.2021 11:34;;;Yes
Measurements 20Sep21;Ver_Right_DN_UP;Girder_16b;168,71998;85,53132;2710,3851;6,35;6,35;20.09.2021 11:35;;;Yes
Measurements 20Sep21;Ver_Right_DN_UP;PQK36_12b;168,71651;85,5347;2524,2022;6,35;6,35;20.09.2021 11:35;;;Yes
Measurements 20Sep21;Ver_Right_DN_UP;PQK36_11b;168,70788;85,54327;2004,8587;6,35;6,35;20.09.2021 11:35;;;Yes
Measurements 20Sep21;Czechs;16;176,66311;85,98715;2361,5075;6,35;6,35;20.09.2021 11:36;;;Yes
Measurements 20Sep21;Ver_Right_DN_DN;PQK36_5;176,6631;85,98714;2361,5071;6,35;6,35;20.09.2021 11:37;;;Yes
Measurements 20Sep21;Ver_Right_DN_DN;PQK36_6;176,66682;85,98604;2880,6672;6,35;6,35;20.09.2021 11:38;;;Yes
Measurements 20Sep21;Ver_Right_DN_DN;Girder_18;176,67083;85,98501;3068,3335;6,35;6,35;20.09.2021 11:38;;;Yes
Measurements 20Sep21;Ver_Right_DN_DN;Girder_18b;176,67065;85,98512;3068,3339;6,35;6,35;20.09.2021 11:38;;;Yes
Measurements 20Sep21;Ver_Right_DN_DN;PQK36_6b;176,66696;85,98635;2880,6759;6,35;6,35;20.09.2021 11:38;;;Yes
Measurements 20Sep21;Ver_Right_DN_DN;PQK36_5b;176,66313;85,98735;2361,5148;6,35;6,35;20.09.2021 11:39;;;Yes
Measurements 20Sep21;FIDS0;Girder_18;176,69159;115,76741;2107,1776;6,35;6,35;20.09.2021 11:43;;;Yes
Measurements 20Sep21;FIDS0;Girder_18;376,69174;284,23341;2107,1755;6,35;6,35;20.09.2021 11:43;;;Yes
Measurements 20Sep21;FIDS0;Girder_16;168,72529;118,27349;1819,3954;6,35;6,35;20.09.2021 11:44;;;Yes
Measurements 20Sep21;FIDS0;Girder_16;368,72585;281,72703;1819,3937;6,35;6,35;20.09.2021 11:44;;;Yes
Measurements 20Sep21;FIDS0;Girder_12;134,58623;125,42785;1329,3928;6,35;6,35;20.09.2021 11:44;;;Yes
Measurements 20Sep21;FIDS0;Girder_12;334,58669;274,5728;1329,3928;6,35;6,35;20.09.2021 11:44;;;Yes
Measurements 20Sep21;FIDS0;Girder_8;99,62855;125,6793;1313,6231;6,35;6,35;20.09.2021 11:44;;;Yes
Measurements 20Sep21;FIDS0;Girder_8;299,62886;274,32161;1313,6239;6,35;6,35;20.09.2021 11:44;;;Yes
Measurements 20Sep21;FIDS0;C;93,09342;124,87522;1396,9513;6,35;6,35;20.09.2021 11:45;;;Yes
Measurements 20Sep21;FIDS0;C;293,09407;275,12566;1396,952;6,35;6,35;20.09.2021 11:45;;;Yes
Measurements 20Sep21;FIDS0;Girder_4;64,65813;118,94867;1756,795;6,35;6,35;20.09.2021 11:45;;;Yes
Measurements 20Sep21;FIDS0;Girder_4;264,65827;281,05224;1756,7924;6,35;6,35;20.09.2021 11:45;;;Yes
Measurements 20Sep21;FIDS0;Girder_2;56,07217;114,6034;2021,9879;6,35;6,35;20.09.2021 11:46;;;Yes
Measurements 20Sep21;FIDS0;Girder_2;256,07215;285,39716;2021,988;6,35;6,35;20.09.2021 11:46;;;Yes
Measurements 20Sep21;FIDS0;PQK62_12;56,08373;110,42218;1995,7169;19,05;19,05;20.09.2021 11:47;;;Yes
Measurements 20Sep21;FIDS0;PQK62_12;256,08378;289,57894;1995,7168;19,05;19,05;20.09.2021 11:47;;;Yes
Measurements 20Sep21;FIDS0;PQK62_11;56,13258;93,71345;1978,6895;19,05;19,05;20.09.2021 11:47;;;Yes
Measurements 20Sep21;FIDS0;PQK62_11;256,13267;306,28746;1978,6886;19,05;19,05;20.09.2021 11:48;;;Yes
Measurements 20Sep21;FIDS0;PQK62_10;59,35725;90,26809;2072,9434;19,05;19,05;20.09.2021 11:48;;;Yes
Measurements 20Sep21;FIDS0;PQK62_10;259,35542;309,73284;2072,9531;19,05;19,05;20.09.2021 11:48;;;Yes
Measurements 20Sep21;FIDS0;PQK62_4;68,07059;88,77581;1800,1189;19,05;19,05;20.09.2021 11:49;;;Yes
Measurements 20Sep21;FIDS0;PQK62_4;268,07056;311,22461;1800,1191;19,05;19,05;20.09.2021 11:49;;;Yes
Measurements 20Sep21;FIDS0;PQK62_3;76,03073;90,38327;2090,5286;19,05;19,05;20.09.2021 11:49;;;Yes
Measurements 20Sep21;FIDS0;PQK62_3;276,0309;309,61785;2090,5265;19,05;19,05;20.09.2021 11:49;;;Yes
Measurements 20Sep21;FIDS0;PQK62_5;64,74948;92,66862;1689,9904;19,05;19,05;20.09.2021 11:49;;;Yes
Measurements 20Sep21;FIDS0;PQK62_5;264,74968;307,33195;1689,9882;19,05;19,05;20.09.2021 11:50;;;Yes
Measurements 20Sep21;FIDS0;PQK62_6;64,68141;112,17748;1710,479;19,05;19,05;20.09.2021 11:50;;;Yes
Measurements 20Sep21;FIDS0;PQK62_6;264,68153;287,82307;1710,4777;19,05;19,05;20.09.2021 11:50;;;Yes
Measurements 20Sep21;FIDS0;PQL6_12;99,64743;116,79873;1251,8486;19,05;19,05;20.09.2021 11:50;;;Yes
Measurements 20Sep21;FIDS0;PQL6_12;299,64798;283,2024;1251,8484;19,05;19,05;20.09.2021 11:50;;;Yes
Measurements 20Sep21;FIDS0;PQL6_11;99,70121;89,9498;1224,9512;19,05;19,05;20.09.2021 11:51;;;Yes
Measurements 20Sep21;FIDS0;PQL6_11;299,70156;310,05163;1224,9506;19,05;19,05;20.09.2021 11:51;;;Yes
Measurements 20Sep21;FIDS0;PQL6_10;101,22019;85,28294;1371,0983;19,05;19,05;20.09.2021 11:51;;;Yes
Measurements 20Sep21;FIDS0;PQL6_10;301,22018;314,71817;1371,0982;19,05;19,05;20.09.2021 11:51;;;Yes
Measurements 20Sep21;FIDS0;PQL6_4;132,82147;85,49743;1386,3793;19,05;19,05;20.09.2021 11:51;;;Yes
Measurements 20Sep21;FIDS0;PQL6_4;332,82158;314,5033;1386,3768;19,05;19,05;20.09.2021 11:51;;;Yes
Measurements 20Sep21;FIDS0;PQL6_5;134,59039;90,10474;1241,6772;19,05;19,05;20.09.2021 11:52;;;Yes
Measurements 20Sep21;FIDS0;PQL6_5;334,59078;309,89637;1241,6764;19,05;19,05;20.09.2021 11:52;;;Yes
Measurements 20Sep21;FIDS0;PQL6_6;134,5867;116,62199;1268,2091;19,05;19,05;20.09.2021 11:52;;;Yes
Measurements 20Sep21;FIDS0;PQL6_6;334,5873;283,37903;1268,2089;19,05;19,05;20.09.2021 11:52;;;Yes
Measurements 20Sep21;FIDS0;PQK36_12;168,71987;111,86009;1775,8918;19,05;19,05;20.09.2021 11:53;;;Yes
Measurements 20Sep21;FIDS0;PQK36_12;368,72001;288,14078;1775,8915;19,05;19,05;20.09.2021 11:53;;;Yes
Measurements 20Sep21;FIDS0;PQK36_11;168,70809;93,08279;1756,0865;19,05;19,05;20.09.2021 11:53;;;Yes
Measurements 20Sep21;FIDS0;PQK36_11;368,70848;306,91778;1756,0866;19,05;19,05;20.09.2021 11:53;;;Yes
Measurements 20Sep21;FIDS0;PQK36_10;165,41011;89,29623;1861,7439;19,05;19,05;20.09.2021 11:53;;;Yes
Measurements 20Sep21;FIDS0;PQK36_10;365,41058;310,70419;1861,747;19,05;19,05;20.09.2021 11:53;;;Yes
Measurements 20Sep21;FIDS0;PQK36_4;173,49204;90,71796;2143,6462;19,05;19,05;20.09.2021 11:54;;;Yes
Measurements 20Sep21;FIDS0;PQK36_4;373,49201;309,28308;2143,6472;19,05;19,05;20.09.2021 11:54;;;Yes
Measurements 20Sep21;FIDS0;PQK36_5;176,66835;94,09055;2052,4738;19,05;19,05;20.09.2021 11:54;;;Yes
Measurements 20Sep21;FIDS0;PQK36_5;376,66845;305,91012;2052,4735;19,05;19,05;20.09.2021 11:54;;;Yes
Measurements 20Sep21;FIDS0;PQK36_6;176,68294;110,16232;2069,3831;19,05;19,05;20.09.2021 11:55;;;Yes
Measurements 20Sep21;FIDS0;PQK36_6;376,68314;289,83866;2069,3826;19,05;19,05;20.09.2021 11:55;;;Yes
Measurements 20Sep21;FIDS0;G;183,54165;113,07535;2607,2507;19,05;19,05;20.09.2021 11:55;;;Yes
Measurements 20Sep21;FIDS0;G;383,54163;286,92547;2607,2494;19,05;19,05;20.09.2021 11:55;;;Yes
Measurements 20Sep21;FIDS0;F;178,04345;115,15253;2260,2724;19,05;19,05;20.09.2021 11:56;;;Yes
Measurements 20Sep21;FIDS0;F;378,04342;284,84846;2260,2729;19,05;19,05;20.09.2021 11:56;;;Yes
Measurements 20Sep21;FIDS0;E;164,69816;119,70939;1747,6784;19,05;19,05;20.09.2021 11:56;;;Yes
Measurements 20Sep21;FIDS0;E;364,69835;280,29157;1747,6799;19,05;19,05;20.09.2021 11:56;;;Yes
Measurements 20Sep21;FIDS0;Girder_14;154,66784;114,31919;1470,305;19,05;19,05;20.09.2021 11:57;;;Yes
Measurements 20Sep21;FIDS0;Girder_14;354,66822;285,68164;1470,3044;19,05;19,05;20.09.2021 11:57;;;Yes
Measurements 20Sep21;FIDS0;D;139,81126;124,63404;1412,3042;19,05;19,05;20.09.2021 11:57;;;Yes
Measurements 20Sep21;FIDS0;D;339,81168;275,36672;1412,3042;19,05;19,05;20.09.2021 11:58;;;Yes
Measurements 20Sep21;FIDS0;Girder_10;116,91431;126,30925;1278,3607;19,05;19,05;20.09.2021 11:58;;;Yes
Measurements 20Sep21;FIDS0;Girder_10;316,91487;273,69212;1278,3603;19,05;19,05;20.09.2021 11:58;;;Yes
Measurements 20Sep21;FIDS0;Girder_6;79,46506;114,68603;1425,6976;19,05;19,05;20.09.2021 11:58;;;Yes
Measurements 20Sep21;FIDS0;Girder_6;279,46532;285,31494;1425,6962;19,05;19,05;20.09.2021 11:58;;;Yes
Measurements 20Sep21;FIDS0;Girder_5;90,60939;110,55569;1984,4355;19,05;19,05;20.09.2021 11:58;;;Yes
Measurements 20Sep21;FIDS0;Girder_5;290,6096;289,4456;1984,4348;19,05;19,05;20.09.2021 11:59;;;Yes
Measurements 20Sep21;FIDS0;B;70,70683;120,47749;1679,6524;19,05;19,05;20.09.2021 11:59;;;Yes
Measurements 20Sep21;FIDS0;B;270,70705;279,52368;1679,6519;19,05;19,05;20.09.2021 11:59;;;Yes
Measurements 20Sep21;FIDS0;K3;223,60236;112,44884;6086,651;19,05;19,05;20.09.2021 12:05;;;Yes
Measurements 20Sep21;FIDS0;K3;23,60229;287,55203;6086,6481;19,05;19,05;20.09.2021 12:05;;;Yes
Measurements 20Sep21;FIDS0;K4;258,02986;92,34763;4816,5879;19,05;19,05;20.09.2021 12:05;;;Yes
Measurements 20Sep21;FIDS0;K4;58,02951;307,65325;4816,5868;19,05;19,05;20.09.2021 12:05;;;Yes
Measurements 20Sep21;FIDS0;K17;285,52084;90,09675;3358,7037;19,05;19,05;20.09.2021 12:06;;;Yes
Measurements 20Sep21;FIDS0;K17;85,52075;309,90421;3358,7028;19,05;19,05;20.09.2021 12:06;;;Yes
Measurements 20Sep21;FIDS0;K5;285,53924;122,51431;3542,4886;19,05;19,05;20.09.2021 12:07;;;Yes
Measurements 20Sep21;FIDS0;K5;85,53936;277,48647;3542,4889;19,05;19,05;20.09.2021 12:07;;;Yes
Measurements 20Sep21;FIDS0;K6;331,15093;88,89776;3092,6957;19,05;19,05;20.09.2021 12:07;;;Yes
Measurements 20Sep21;FIDS0;K6;131,15051;311,10281;3092,6938;19,05;19,05;20.09.2021 12:07;;;Yes
Measurements 20Sep21;FIDS0;K7;332,18464;127,43141;3370,2603;19,05;19,05;20.09.2021 12:07;;;Yes
Measurements 20Sep21;FIDS0;K7;132,1847;272,56948;3370,2612;19,05;19,05;20.09.2021 12:07;;;Yes
Measurements 20Sep21;FIDS0;K8;365,71373;117,46248;4374,7321;19,05;19,05;20.09.2021 12:08;;;Yes
Measurements 20Sep21;FIDS0;K8;165,71372;282,53852;4374,7317;19,05;19,05;20.09.2021 12:08;;;Yes
Measurements 20Sep21;FIDS0;K9;6,21695;93,29822;5275,8237;19,05;19,05;20.09.2021 12:09;;;Yes
Measurements 20Sep21;FIDS0;K9;206,21677;306,70277;5275,8227;19,05;19,05;20.09.2021 12:09;;;Yes
Measurements 20Sep21;FIDS0;K10;33,13701;113,5132;5552,4637;19,05;19,05;20.09.2021 12:09;;;Yes
Measurements 20Sep21;FIDS0;K10;233,13678;286,48758;5552,4547;19,05;19,05;20.09.2021 12:09;;;Yes
Measurements 20Sep21;FIDS0;K11;54,97628;95,43358;6451,5203;19,05;19,05;20.09.2021 12:10;;;Yes
Measurements 20Sep21;FIDS0;K11;254,97601;304,5674;6451,5181;19,05;19,05;20.09.2021 12:10;;;Yes
Measurements 20Sep21;FIDS0;K13;84,91445;111,48645;6733,5095;19,05;19,05;20.09.2021 12:10;;;Yes
Measurements 20Sep21;FIDS0;K13;284,91431;288,51491;6733,506;19,05;19,05;20.09.2021 12:11;;;Yes
Measurements 20Sep21;FIDS0;K16;151,20697;94,94042;6954,0495;19,05;19,05;20.09.2021 12:11;;;Yes
Measurements 20Sep21;FIDS0;K16;351,20686;305,06099;6954,0492;19,05;19,05;20.09.2021 12:11;;;Yes
Measurements 20Sep21;FIDS0;K2;199,88041;94,83127;6104,5223;19,05;19,05;20.09.2021 12:13;;;Yes
Measurements 20Sep21;FIDS0;K2;399,88014;305,16964;6104,5204;19,05;19,05;20.09.2021 12:13;;;Yes
Measurements 20Sep21;FIDS0;K18;365,89346;90,59173;4251,2911;19,05;19,05;20.09.2021 12:14;;;Yes
Measurements 20Sep21;FIDS0;K18;165,89307;309,40891;4251,2902;19,05;19,05;20.09.2021 12:14;;;Yes
Measurements 20Sep21;FIDS0;K19;6,18654;114,11554;5389,0399;19,05;19,05;20.09.2021 12:14;;;Yes
Measurements 20Sep21;FIDS0;K19;206,18633;285,88532;5389,04;19,05;19,05;20.09.2021 12:14;;;Yes
Measurements 20Sep21;FIDS0;K20;59,95732;134,25408;2744,7504;19,05;19,05;20.09.2021 12:15;;;Yes
Measurements 20Sep21;FIDS0;K20;259,95758;265,74665;2744,7497;19,05;19,05;20.09.2021 12:15;;;Yes
Measurements 20Sep21;FIDS0;K21;97,70474;146,31698;2115,7077;19,05;19,05;20.09.2021 12:15;;;No
Measurements 20Sep21;FIDS0;K21;97,70467;146,31692;2115,7141;19,05;19,05;20.09.2021 12:16;;;Yes
Measurements 20Sep21;FIDS0;K22;143,37026;144,30117;2194,0909;19,05;19,05;20.09.2021 12:17;;;Yes
Measurements 20Sep21;FIDS0;K23;176,92629;131,59325;2970,1327;19,05;19,05;20.09.2021 12:18;;;Yes
Measurements 20Sep21;FIDS0;K23;376,92657;268,40792;2970,1322;19,05;19,05;20.09.2021 12:18;;;Yes
"Transform
Measurements 20Sep21::1 - Leica AT960/930";;;;;;;;;;;
# Meas.;240;;;;;;;;;;
Scale Factor;1;;;;;;;;;;
Position;X;Y;Z;;;;;;;;
(mm);1985,3009;1495,3827;75,8143;;;;;;;;
Rotation;Rx;Ry;Rz;;;;;;;;
(gon);0,12036;399,92162;396,72794;;;;;;;;
"Observations
Measurements 20Sep21::1 - Leica AT960/930";;;;;;;;;;;
Collection;Group;Target;Azimuth (gon);Elevation (gon);Distance (mm);Offset1 (mm);Offset2 (mm);Date & Time;;User;Active
Measurements 20Sep21;BFIT1;K11;205,643;94,59201;5391,0276;19,05;19,05;20.09.2021 13:25;;;Yes
Measurements 20Sep21;BFIT1;K11;5,64311;305,40847;5391,0257;19,05;19,05;20.09.2021 13:25;;;Yes
Measurements 20Sep21;BFIT1;K13;244,00062;117,62337;4437,7754;19,05;19,05;20.09.2021 13:26;;;Yes
Measurements 20Sep21;BFIT1;K13;44,00056;282,3771;4437,7739;19,05;19,05;20.09.2021 13:26;;;Yes
Measurements 20Sep21;BFIT1;K16;353,73189;92,47975;4649,8769;19,05;19,05;20.09.2021 13:26;;;Yes
Measurements 20Sep21;BFIT1;K16;153,73182;307,52084;4649,8736;19,05;19,05;20.09.2021 13:26;;;Yes
Measurements 20Sep21;BFIT1;K1;388,46434;113,09545;5971,0431;19,05;19,05;20.09.2021 13:26;;;Yes
Measurements 20Sep21;BFIT1;K1;188,46422;286,90512;5971,0413;19,05;19,05;20.09.2021 13:27;;;Yes
Measurements 20Sep21;FIDS1;PQK36_2;37,16776;94,09533;1990,326;19,05;19,05;20.09.2021 13:30;;;Yes
Measurements 20Sep21;FIDS1;PQK36_2;237,16794;305,90524;1990,3256;19,05;19,05;20.09.2021 13:30;;;Yes
Measurements 20Sep21;FIDS1;PQK36_1;37,20409;110,67551;2009,6409;19,05;19,05;20.09.2021 13:31;;;Yes
Measurements 20Sep21;FIDS1;PQK36_1;237,20426;289,32529;2009,6425;19,05;19,05;20.09.2021 13:31;;;Yes
Measurements 20Sep21;FIDS1;PQK36_9;48,9711;89,1671;1809,4349;19,05;19,05;20.09.2021 13:31;;;Yes
Measurements 20Sep21;FIDS1;PQK36_9;248,9708;310,83408;1809,4321;19,05;19,05;20.09.2021 13:31;;;Yes
Measurements 20Sep21;FIDS1;PQK36_3;40,34287;90,61602;2083,3958;19,05;19,05;20.09.2021 13:32;;;Yes
Measurements 20Sep21;FIDS1;PQK36_3;240,34128;309,38625;2083,3942;19,05;19,05;20.09.2021 13:32;;;Yes
Measurements 20Sep21;FIDS1;PQK36_8;45,68219;93,07071;1701,0752;19,05;19,05;20.09.2021 13:32;;;Yes
Measurements 20Sep21;FIDS1;PQK36_8;245,68263;306,93021;1701,0747;19,05;19,05;20.09.2021 13:32;;;Yes
Measurements 20Sep21;FIDS1;PQK36_7;45,7228;112,44974;1723,8854;19,05;19,05;20.09.2021 13:32;;;Yes
Measurements 20Sep21;FIDS1;PQK36_7;245,7232;287,55149;1723,8831;19,05;19,05;20.09.2021 13:33;;;Yes
Measurements 20Sep21;FIDS1;PQL6_1;81,80889;117,15864;1255,2317;19,05;19,05;20.09.2021 13:33;;;Yes
Measurements 20Sep21;FIDS1;PQL6_1;281,80951;282,84245;1255,2285;19,05;19,05;20.09.2021 13:33;;;Yes
Measurements 20Sep21;FIDS1;PQL6_2;81,72685;90,26554;1223,8311;19,05;19,05;20.09.2021 13:33;;;Yes
Measurements 20Sep21;FIDS1;PQL6_2;281,72723;309,73532;1223,8353;19,05;19,05;20.09.2021 13:33;;;Yes
Measurements 20Sep21;FIDS1;PQL6_3;83,15361;85,59419;1369,9018;19,05;19,05;20.09.2021 13:34;;;Yes
Measurements 20Sep21;FIDS1;PQL6_3;283,15419;314,40742;1369,9031;19,05;19,05;20.09.2021 13:34;;;Yes
Measurements 20Sep21;FIDS1;PQK36_10;56,94119;90,6704;2100,4457;19,05;19,05;20.09.2021 13:34;;;Yes
Measurements 20Sep21;FIDS1;PQK36_10;256,94159;309,33063;2100,4419;19,05;19,05;20.09.2021 13:34;;;Yes
Measurements 20Sep21;FIDS1;PQL6_9;114,64244;85,78493;1392,7468;19,05;19,05;20.09.2021 13:34;;;Yes
Measurements 20Sep21;FIDS1;PQL6_9;314,64295;314,21633;1392,743;19,05;19,05;20.09.2021 13:34;;;Yes
Measurements 20Sep21;FIDS1;PQL6_8;116,48607;90,42535;1249,456;19,05;19,05;20.09.2021 13:35;;;Yes
Measurements 20Sep21;FIDS1;PQL6_8;316,48659;309,57614;1249,4525;19,05;19,05;20.09.2021 13:35;;;Yes
Measurements 20Sep21;FIDS1;PQL6_7;116,54146;116,73909;1280,0855;19,05;19,05;20.09.2021 13:35;;;Yes
Measurements 20Sep21;FIDS1;PQL6_7;316,54214;283,26226;1280,0859;19,05;19,05;20.09.2021 13:35;;;Yes
Measurements 20Sep21;FIDS1;PQK62_1;149,47155;112,00545;1771,7551;19,05;19,05;20.09.2021 13:35;;;Yes
Measurements 20Sep21;FIDS1;PQK62_1;349,47185;287,99572;1771,7519;19,05;19,05;20.09.2021 13:35;;;Yes
Measurements 20Sep21;FIDS1;PQK62_2;149,46463;93,11963;1748,7499;19,05;19,05;20.09.2021 13:36;;;Yes
Measurements 20Sep21;FIDS1;PQK62_2;349,46503;306,88127;1748,7478;19,05;19,05;20.09.2021 13:36;;;Yes
Measurements 20Sep21;FIDS1;PQK62_3;146,15665;89,32089;1854,6907;19,05;19,05;20.09.2021 13:36;;;Yes
Measurements 20Sep21;FIDS1;PQK62_3;346,15638;310,67978;1854,6795;19,05;19,05;20.09.2021 13:36;;;Yes
Measurements 20Sep21;FIDS1;PQK62_4;138,14845;90,7187;2139,0424;19,05;19,05;20.09.2021 13:36;;;Yes
Measurements 20Sep21;FIDS1;PQK62_4;338,14815;309,28192;2139,0406;19,05;19,05;20.09.2021 13:36;;;Yes
Measurements 20Sep21;FIDS1;PQK62_9;154,36854;90,7229;2135,5005;19,05;19,05;20.09.2021 13:37;;;Yes
Measurements 20Sep21;FIDS1;PQK62_9;354,36829;309,27802;2135,4996;19,05;19,05;20.09.2021 13:37;;;Yes
Measurements 20Sep21;FIDS1;PQK62_8;157,52659;94,09888;2043,7613;19,05;19,05;20.09.2021 13:37;;;Yes
Measurements 20Sep21;FIDS1;PQK62_8;357,52651;305,90172;2043,7547;19,05;19,05;20.09.2021 13:37;;;Yes
Measurements 20Sep21;FIDS1;PQK62_7;157,50972;110,25876;2063,5395;19,05;19,05;20.09.2021 13:37;;;Yes
Measurements 20Sep21;FIDS1;PQK62_7;357,50981;289,74242;2063,5387;19,05;19,05;20.09.2021 13:37;;;Yes
Measurements 20Sep21;FIDS1;M;143,90751;119,95848;1737,5961;19,05;19,05;20.09.2021 13:38;;;Yes
Measurements 20Sep21;FIDS1;M;343,90779;280,04268;1737,5943;19,05;19,05;20.09.2021 13:38;;;Yes
Measurements 20Sep21;FIDS1;Girder_5;135,70984;114,46208;1475,937;19,05;19,05;20.09.2021 13:38;;;Yes
Measurements 20Sep21;FIDS1;Girder_5;335,71017;285,53875;1475,9363;19,05;19,05;20.09.2021 13:38;;;Yes
Measurements 20Sep21;FIDS1;Girder_6;123,87661;110,47445;2020,6163;19,05;19,05;20.09.2021 13:38;;;Yes
Measurements 20Sep21;FIDS1;Girder_6;323,87678;289,5266;2020,6147;19,05;19,05;20.09.2021 13:38;;;Yes
Measurements 20Sep21;FIDS1;L;120,90525;125,08979;1400,9256;19,05;19,05;20.09.2021 13:39;;;Yes
Measurements 20Sep21;FIDS1;L;320,90574;274,91136;1400,9233;19,05;19,05;20.09.2021 13:39;;;Yes
Measurements 20Sep21;FIDS1;Girder_9;99,63016;126,47015;1288,0247;19,05;19,05;20.09.2021 13:39;;;Yes
Measurements 20Sep21;FIDS1;Girder_9;299,63085;273,53106;1288,0234;19,05;19,05;20.09.2021 13:39;;;Yes
Measurements 20Sep21;FIDS1;K;76,17913;125,56743;1379,2815;19,05;19,05;20.09.2021 13:39;;;Yes
Measurements 20Sep21;FIDS1;K;276,17965;274,4338;1379,283;19,05;19,05;20.09.2021 13:39;;;Yes
Measurements 20Sep21;FIDS1;Girder_13;60,632;114,97983;1434,5614;19,05;19,05;20.09.2021 13:40;;;Yes
Measurements 20Sep21;FIDS1;Girder_13;260,63258;285,02109;1434,5616;19,05;19,05;20.09.2021 13:40;;;Yes
Measurements 20Sep21;FIDS1;J;49,95968;120,44579;1707,2755;19,05;19,05;20.09.2021 13:40;;;Yes
Measurements 20Sep21;FIDS1;J;249,95999;279,55517;1707,2791;19,05;19,05;20.09.2021 13:40;;;Yes
Measurements 20Sep21;FIDS1;I;35,64669;115,96442;2178,2183;19,05;19,05;20.09.2021 13:40;;;Yes
Measurements 20Sep21;FIDS1;I;235,64688;284,03685;2178,2088;19,05;19,05;20.09.2021 13:40;;;Yes
Measurements 20Sep21;FIDS1;H;29,17457;113,61717;2540,4278;19,05;19,05;20.09.2021 13:41;;;Yes
Measurements 20Sep21;FIDS1;H;229,17471;286,38376;2540,4233;19,05;19,05;20.09.2021 13:41;;;Yes
Measurements 20Sep21;FIDS1;K1;388,46436;113,09572;5971,0444;19,05;19,05;20.09.2021 13:41;;;Yes
Measurements 20Sep21;FIDS1;K1;188,4642;286,90539;5971,0415;19,05;19,05;20.09.2021 13:41;;;Yes
Measurements 20Sep21;FIDS1;K16;353,73188;92,4801;4649,8745;19,05;19,05;20.09.2021 13:41;;;Yes
Measurements 20Sep21;FIDS1;K16;153,7317;307,52081;4649,8748;19,05;19,05;20.09.2021 13:41;;;Yes
Measurements 20Sep21;FIDS1;K14;277,65381;89,04678;3073,4022;19,05;19,05;20.09.2021 13:42;;;Yes
Measurements 20Sep21;FIDS1;K14;77,65411;310,95376;3073,403;19,05;19,05;20.09.2021 13:42;;;Yes
Measurements 20Sep21;FIDS1;K13;244,00048;117,62351;4437,7788;19,05;19,05;20.09.2021 13:42;;;Yes
Measurements 20Sep21;FIDS1;K13;44,00068;282,37709;4437,7766;19,05;19,05;20.09.2021 13:42;;;Yes
Measurements 20Sep21;FIDS1;K11;205,643;94,59237;5391,0427;19,05;19,05;20.09.2021 13:43;;;Yes
Measurements 20Sep21;FIDS1;K11;5,64311;305,40867;5391,0255;19,05;19,05;20.09.2021 13:43;;;Yes
Measurements 20Sep21;FIDS1;K12;205,19213;116,32173;5557,6562;19,05;19,05;20.09.2021 13:43;;;Yes
Measurements 20Sep21;FIDS1;K12;5,19209;283,67943;5557,652;19,05;19,05;20.09.2021 13:43;;;Yes
Measurements 20Sep21;FIDS1;K10;179,11995;113,37369;5634,5589;19,05;19,05;20.09.2021 13:44;;;Yes
Measurements 20Sep21;FIDS1;K10;379,11981;286,62692;5634,5508;19,05;19,05;20.09.2021 13:44;;;Yes
Measurements 20Sep21;FIDS1;K18;127,07419;94,11225;6717,2605;19,05;19,05;20.09.2021 13:45;;;Yes
Measurements 20Sep21;FIDS1;K18;327,07421;305,88876;6717,2587;19,05;19,05;20.09.2021 13:45;;;Yes
Measurements 20Sep21;FIDS1;K8;126,98538;111,1999;6802,8946;19,05;19,05;20.09.2021 13:46;;;Yes
Measurements 20Sep21;FIDS1;K8;326,98521;288,80123;6802,8926;19,05;19,05;20.09.2021 13:46;;;Yes
Measurements 20Sep21;FIDS1;K3;32,9659;110,79234;7038,4235;19,05;19,05;20.09.2021 13:47;;;Yes
Measurements 20Sep21;FIDS1;K3;232,96589;289,20886;7038,421;19,05;19,05;20.09.2021 13:47;;;Yes
Measurements 20Sep21;FIDS1;K2;12,81934;94,81794;6032,7679;19,05;19,05;20.09.2021 13:47;;;Yes
Measurements 20Sep21;FIDS1;K2;212,81932;305,18345;6032,7651;19,05;19,05;20.09.2021 13:47;;;Yes
Measurements 20Sep21;FIDS1;K22;70,66428;146,18721;2127,1483;19,05;19,05;20.09.2021 13:49;;;No
Measurements 20Sep21;FIDS1;K22;70,66442;146,18724;2127,1486;19,05;19,05;20.09.2021 13:50;;;Yes
Measurements 20Sep21;FIDS1;K21;118,26852;146,92518;2100,6835;19,05;19,05;20.09.2021 13:50;;;Yes
Measurements 20Sep21;FIDS1;K20;154,54027;133,94292;2777,3167;19,05;19,05;20.09.2021 13:50;;;Yes
Measurements 20Sep21;FIDS1;K20;354,5404;266,05792;2777,3155;19,05;19,05;20.09.2021 13:50;;;Yes
Measurements 20Sep21;FIDS1;Girder_17;37,2175;116,45578;2049,6392;6,35;6,35;20.09.2021 13:51;;;Yes
Measurements 20Sep21;FIDS1;Girder_17;237,21765;283,54546;2049,6335;6,35;6,35;20.09.2021 13:51;;;Yes
Measurements 20Sep21;FIDS1;Girder_15;45,73394;119,06117;1769,9952;6,35;6,35;20.09.2021 13:52;;;Yes
Measurements 20Sep21;FIDS1;Girder_15;245,73406;280,94015;1769,9938;6,35;6,35;20.09.2021 13:52;;;Yes
Measurements 20Sep21;FIDS1;Girder_11;81,82981;125,97282;1318,1205;6,35;6,35;20.09.2021 13:52;;;Yes
Measurements 20Sep21;FIDS1;Girder_11;281,83028;274,02828;1318,1184;6,35;6,35;20.09.2021 13:52;;;Yes
Measurements 20Sep21;FIDS1;Girder_7;116,56138;125,42699;1341,9238;6,35;6,35;20.09.2021 13:53;;;Yes
Measurements 20Sep21;FIDS1;Girder_7;316,56182;274,57442;1341,9224;6,35;6,35;20.09.2021 13:53;;;Yes
Measurements 20Sep21;FIDS1;Girder_3;149,4741;118,44825;1816,8717;6,35;6,35;20.09.2021 13:53;;;Yes
Measurements 20Sep21;FIDS1;Girder_3;349,47375;281,55286;1816,874;6,35;6,35;20.09.2021 13:53;;;Yes
Measurements 20Sep21;FIDS1;Girder_1;157,5023;115,87141;2102,4091;6,35;6,35;20.09.2021 13:53;;;Yes
Measurements 20Sep21;FIDS1;Girder_1;357,50216;284,12918;2102,4129;6,35;6,35;20.09.2021 13:54;;;Yes
Measurements 20Sep21;Czechs;17;34,14998;94,4892;2297,9236;19,05;19,05;20.09.2021 13:59;;;Yes
Measurements 20Sep21;Hor_Left_Top_DN;PQK36_2;34,15017;94,48814;2297,9141;19,05;19,05;20.09.2021 14:03;;;Yes
Measurements 20Sep21;Hor_Left_Top_DN;PQK36_8;34,15298;94,49193;2677,9093;19,05;19,05;20.09.2021 14:03;;;Yes
Measurements 20Sep21;Hor_Left_Top_DN;PQL6_2;34,16062;94,48895;3610,7251;19,05;19,05;20.09.2021 14:04;;;Yes
Measurements 20Sep21;Hor_Left_Top_DN;PQL6_8;34,16474;94,4929;4270,3915;19,05;19,05;20.09.2021 14:04;;;Yes
Measurements 20Sep21;Hor_Left_Top_DN;PQK62_2;34,15392;94,49229;5174,1434;19,05;19,05;20.09.2021 14:05;;;Yes
Measurements 20Sep21;Hor_Left_Top_DN;PQK62_8;34,155;94,49261;5554,3214;19,05;19,05;20.09.2021 14:05;;;Yes
Measurements 20Sep21;Hor_Left_Top_DN;PQK62_8b;34,15503;94,49231;5554,3183;19,05;19,05;20.09.2021 14:05;;;Yes
Measurements 20Sep21;Hor_Left_Top_DN;PQK62_2b;34,15393;94,49199;5174,1406;19,05;19,05;20.09.2021 14:05;;;Yes
Measurements 20Sep21;Hor_Left_Top_DN;PQL6_8b;34,16489;94,49252;4270,3875;19,05;19,05;20.09.2021 14:05;;;Yes
Measurements 20Sep21;Hor_Left_Top_DN;PQL6_2b;34,16072;94,48872;3610,7234;19,05;19,05;20.09.2021 14:06;;;Yes
Measurements 20Sep21;Hor_Left_Top_DN;PQK36_8b;34,1529;94,49162;2677,906;19,05;19,05;20.09.2021 14:06;;;Yes
Measurements 20Sep21;Hor_Left_Top_DN;PQK36_2b;34,15031;94,48777;2297,9115;19,05;19,05;20.09.2021 14:06;;;Yes
Measurements 20Sep21;Czechs;18;34,17773;109,99307;2316,4299;19,05;19,05;20.09.2021 14:11;;;Yes
Measurements 20Sep21;Hor_Left_Bottom_DN;PQK36_1;34,17732;109,99302;2316,4336;19,05;19,05;20.09.2021 14:18;;;Yes
Measurements 20Sep21;Hor_Left_Bottom_DN;PQK36_7;34,179;109,99156;2696,2412;19,05;19,05;20.09.2021 14:18;;;No
Measurements 20Sep21;Hor_Left_Bottom_DN;Girder_13;34,17864;109,99101;3161,4358;19,05;19,05;20.09.2021 14:18;;;Yes
Measurements 20Sep21;Hor_Left_Bottom_DN;PQL6_1;34,18008;109,99547;3629,7543;19,05;19,05;20.09.2021 14:18;;;Yes
Measurements 20Sep21;Hor_Left_Bottom_DN;PQL6_7;34,17647;109,98262;4289,2393;19,05;19,05;20.09.2021 14:19;;;Yes
Measurements 20Sep21;Hor_Left_Bottom_DN;Girder_5;34,17708;109,98571;4737,2403;19,05;19,05;20.09.2021 14:19;;;Yes
Measurements 20Sep21;Hor_Left_Bottom_DN;PQK62_1;34,1732;109,98885;5193,1919;19,05;19,05;20.09.2021 14:20;;;Yes
Measurements 20Sep21;Hor_Left_Bottom_DN;PQK62_7;34,17786;109,981;5573,0925;19,05;19,05;20.09.2021 14:20;;;Yes
Measurements 20Sep21;Hor_Left_Bottom_DN;PQK62_7b;34,17787;109,98098;5573,0895;19,05;19,05;20.09.2021 14:20;;;Yes
Measurements 20Sep21;Hor_Left_Bottom_DN;PQK62_1b;34,17322;109,98855;5193,1898;19,05;19,05;20.09.2021 14:20;;;Yes
Measurements 20Sep21;Hor_Left_Bottom_DN;Girder_5b;34,17709;109,98542;4737,2401;19,05;19,05;20.09.2021 14:21;;;Yes
Measurements 20Sep21;Hor_Left_Bottom_DN;PQL6_7b;34,17657;109,98235;4289,2394;19,05;19,05;20.09.2021 14:21;;;Yes
Measurements 20Sep21;Hor_Left_Bottom_DN;PQL6_1b;34,18021;109,99535;3629,7509;19,05;19,05;20.09.2021 14:21;;;Yes
Measurements 20Sep21;Hor_Left_Bottom_DN;Girder_13b;34,17853;109,99068;3161,4318;19,05;19,05;20.09.2021 14:21;;;Yes
Measurements 20Sep21;Hor_Left_Bottom_DN;PQK36_7;34,17889;109,9916;2696,2395;19,05;19,05;20.09.2021 14:21;;;Yes
Measurements 20Sep21;Hor_Left_Bottom_DN;PQK36_1b;34,17757;109,99325;2316,4321;19,05;19,05;20.09.2021 14:22;;;Yes
Measurements 20Sep21;Hor_Top_Left_DN;PQK36_3;36,32419;91,35667;2481,7647;19,05;19,05;20.09.2021 14:24;;;Yes
Measurements 20Sep21;Hor_Top_Left_DN;PQK36_9;36,33714;91,35856;2861,8225;19,05;19,05;20.09.2021 14:24;;;Yes
Measurements 20Sep21;Hor_Top_Left_DN;PQL6_3;36,33322;91,36176;3795,1065;19,05;19,05;20.09.2021 14:25;;;Yes
Measurements 20Sep21;Hor_Top_Left_DN;PQL6_9;36,33043;91,35763;4454,7658;19,05;19,05;20.09.2021 14:25;;;Yes
Measurements 20Sep21;Hor_Top_Left_DN;PQK62_3;36,32592;91,35588;5359,0023;19,05;19,05;20.09.2021 14:25;;;Yes
Measurements 20Sep21;Hor_Top_Left_DN;PQK62_9;36,32278;91,35618;5739,7447;19,05;19,05;20.09.2021 14:25;;;Yes
Measurements 20Sep21;Hor_Top_Left_DN;PQK62_9b;36,3228;91,35614;5739,7436;19,05;19,05;20.09.2021 14:26;;;Yes
Measurements 20Sep21;Hor_Top_Left_DN;PQK62_3b;36,32591;91,35585;5359,0017;19,05;19,05;20.09.2021 14:26;;;Yes
Measurements 20Sep21;Hor_Top_Left_DN;PQL6_9b;36,33039;91,35717;4454,7633;19,05;19,05;20.09.2021 14:26;;;Yes
Measurements 20Sep21;Hor_Top_Left_DN;PQL6_3b;36,33327;91,36163;3795,1046;19,05;19,05;20.09.2021 14:26;;;Yes
Measurements 20Sep21;Hor_Top_Left_DN;PQK36_9b;36,337;91,35861;2861,8212;19,05;19,05;20.09.2021 14:27;;;Yes
Measurements 20Sep21;Hor_Top_Left_DN;PQK36_3b;36,32403;91,35665;2481,7651;19,05;19,05;20.09.2021 14:27;;;Yes
Measurements 20Sep21;Hor_Top_Left_UP;PQK62_9;156,7769;91,1664;2379,233;19,05;19,05;20.09.2021 14:31;;;Yes
Measurements 20Sep21;Hor_Top_Left_UP;PQK62_3;156,77081;91,16686;2759,9745;19,05;19,05;20.09.2021 14:32;;;Yes
Measurements 20Sep21;Hor_Top_Left_UP;PQL6_9;156,7679;91,17047;3664,2123;19,05;19,05;20.09.2021 14:32;;;Yes
Measurements 20Sep21;Hor_Top_Left_UP;PQL6_3;156,76775;91,17421;4323,8747;19,05;19,05;20.09.2021 14:32;;;Yes
Measurements 20Sep21;Hor_Top_Left_UP;PQK36_9;156,76921;91,17112;5257,1577;19,05;19,05;20.09.2021 14:33;;;Yes
Measurements 20Sep21;Hor_Top_Left_UP;PQK36_3;156,77664;91,17015;5637,2101;19,05;19,05;20.09.2021 14:33;;;Yes
Measurements 20Sep21;Hor_Top_Left_UP;PQK36_3b;156,77675;91,17004;5637,2095;19,05;19,05;20.09.2021 14:36;;;Yes
Measurements 20Sep21;Hor_Top_Left_UP;PQK36_9b;156,76944;91,171;5257,1556;19,05;19,05;20.09.2021 14:36;;;Yes
Measurements 20Sep21;Hor_Top_Left_UP;PQL6_3b;156,76803;91,17405;4323,8727;19,05;19,05;20.09.2021 14:36;;;Yes
Measurements 20Sep21;Hor_Top_Left_UP;PQL6_9b;156,7678;91,17034;3664,2115;19,05;19,05;20.09.2021 14:37;;;Yes
Measurements 20Sep21;Hor_Top_Left_UP;PQK62_3b;156,77067;91,16685;2759,9756;19,05;19,05;20.09.2021 14:37;;;Yes
Measurements 20Sep21;Hor_Top_Left_UP;PQK62_9b;156,77687;91,16639;2379,2341;19,05;19,05;20.09.2021 14:37;;;Yes
Measurements 20Sep21;Hor_Left_Top_UP;PQK62_8;159,99965;94,41942;2308,0392;19,05;19,05;20.09.2021 14:41;;;Yes
Measurements 20Sep21;Hor_Left_Top_UP;PQK62_2;160,00098;94,41877;2688,2165;19,05;19,05;20.09.2021 14:41;;;Yes
Measurements 20Sep21;Hor_Left_Top_UP;PQL6_8;159,98544;94,42068;3591,9789;19,05;19,05;20.09.2021 14:41;;;Yes
Measurements 20Sep21;Hor_Left_Top_UP;PQL6_2;159,99164;94,41767;4251,6434;19,05;19,05;20.09.2021 14:42;;;Yes
Measurements 20Sep21;Hor_Left_Top_UP;PQK36_8;159,9968;94,42059;5184,4594;19,05;19,05;20.09.2021 14:42;;;Yes
Measurements 20Sep21;Hor_Left_Top_UP;PQK36_2;159,99749;94,41921;5564,4522;19,05;19,05;20.09.2021 14:42;;;Yes
Measurements 20Sep21;Hor_Left_Top_UP;PQK36_2b;159,99751;94,419;5564,4493;19,05;19,05;20.09.2021 14:42;;;Yes
Measurements 20Sep21;Hor_Left_Top_UP;PQK36_8b;159,99686;94,42056;5184,4562;19,05;19,05;20.09.2021 14:43;;;Yes
Measurements 20Sep21;Hor_Left_Top_UP;PQL6_2b;159,99159;94,41752;4251,6386;19,05;19,05;20.09.2021 14:43;;;Yes
Measurements 20Sep21;Hor_Left_Top_UP;PQL6_8b;159,98544;94,42057;3591,977;19,05;19,05;20.09.2021 14:43;;;Yes
Measurements 20Sep21;Hor_Left_Top_UP;PQK62_2b;160,00101;94,41873;2688,2154;19,05;19,05;20.09.2021 14:43;;;Yes
Measurements 20Sep21;Hor_Left_Top_UP;PQK62_8b;159,9997;94,41904;2308,037;19,05;19,05;20.09.2021 14:43;;;Yes
Measurements 20Sep21;Hor_Left_Bottom_UP;PQK62_7;159,935;109,70209;2321,6126;19,05;19,05;20.09.2021 14:45;;;Yes
Measurements 20Sep21;Hor_Left_Bottom_UP;PQK62_1;159,94312;109,71469;2701,5123;19,05;19,05;20.09.2021 14:45;;;Yes
Measurements 20Sep21;Hor_Left_Bottom_UP;Girder_5;159,93454;109,70509;3157,4616;19,05;19,05;20.09.2021 14:46;;;Yes
Measurements 20Sep21;Hor_Left_Bottom_UP;PQL6_7;159,9342;109,69863;3605,4635;19,05;19,05;20.09.2021 14:46;;;Yes
Measurements 20Sep21;Hor_Left_Bottom_UP;PQL6_1;159,92998;109,70786;4264,9525;19,05;19,05;20.09.2021 14:46;;;Yes
Measurements 20Sep21;Hor_Left_Bottom_UP;Girder_13;159,93116;109,70129;4733,2703;19,05;19,05;20.09.2021 14:47;;;Yes
Measurements 20Sep21;Hor_Left_Bottom_UP;PQK36_7;159,93084;109,69946;5198,466;19,05;19,05;20.09.2021 14:47;;;Yes
Measurements 20Sep21;Hor_Left_Bottom_UP;PQK36_1;159,93114;109,69873;5578,273;19,05;19,05;20.09.2021 14:47;;;Yes
Measurements 20Sep21;Hor_Left_Bottom_UP;PQK36_1b;159,93138;109,69869;5578,2688;19,05;19,05;20.09.2021 14:50;;;Yes
Measurements 20Sep21;Hor_Left_Bottom_UP;PQK36_7b;159,93081;109,69948;5198,463;19,05;19,05;20.09.2021 14:50;;;Yes
Measurements 20Sep21;Hor_Left_Bottom_UP;Girder_13b;159,93113;109,70128;4733,2652;19,05;19,05;20.09.2021 14:51;;;Yes
Measurements 20Sep21;Hor_Left_Bottom_UP;PQL6_1b;159,93017;109,70775;4264,9463;19,05;19,05;20.09.2021 14:51;;;Yes
Measurements 20Sep21;Hor_Left_Bottom_UP;PQL6_7b;159,9344;109,69852;3605,4595;19,05;19,05;20.09.2021 14:51;;;Yes
Measurements 20Sep21;Hor_Left_Bottom_UP;Girder_5b;159,93468;109,70502;3157,4586;19,05;19,05;20.09.2021 14:51;;;Yes
Measurements 20Sep21;Hor_Left_Bottom_UP;PQK62_1b;159,94333;109,71481;2701,5101;19,05;19,05;20.09.2021 14:52;;;Yes
Measurements 20Sep21;Hor_Left_Bottom_UP;PQK62_7b;159,93495;109,70221;2321,6092;19,05;19,05;20.09.2021 14:52;;;Yes
Measurements 20Sep21;Diag_Left_UP;PQK62_2;159,11777;86,31748;2701,8651;19,05;19,05;20.09.2021 15:23;;;Yes
Measurements 20Sep21;Diag_Left_UP;PQL6_7;159,11701;86,31748;3744,1186;19,05;19,05;20.09.2021 15:24;;;Yes
Measurements 20Sep21;Diag_Left_UP;Girder_9;159,11833;86,31569;4119,2079;19,05;19,05;20.09.2021 15:24;;;Yes
Measurements 20Sep21;Diag_Left_UP;Girder_9b;159,11846;86,31553;4119,2045;19,05;19,05;20.09.2021 15:24;;;Yes
Measurements 20Sep21;Diag_Left_UP;PQL6_7b;159,11695;86,31728;3744,115;19,05;19,05;20.09.2021 15:25;;;Yes
Measurements 20Sep21;Diag_Left_UP;PQK62_2b;159,1177;86,31747;2701,8607;19,05;19,05;20.09.2021 15:25;;;Yes
Measurements 20Sep21;Diag_Left_DN;PQK36_8;35,07717;86,12504;2690,6726;19,05;19,05;20.09.2021 15:27;;;Yes
Measurements 20Sep21;Diag_Left_DN;PQL6_1;35,08284;86,12483;3759,4092;19,05;19,05;20.09.2021 15:27;;;Yes
Measurements 20Sep21;Diag_Left_DN;Girder_9;35,08213;86,12599;4142,2862;19,05;19,05;20.09.2021 15:28;;;Yes
Measurements 20Sep21;Diag_Left_DN;Girder_9b;35,08223;86,12596;4142,2912;19,05;19,05;20.09.2021 15:28;;;Yes
Measurements 20Sep21;Diag_Left_DN;PQL6_1b;35,0831;86,12486;3759,4175;19,05;19,05;20.09.2021 15:28;;;Yes
Measurements 20Sep21;Diag_Left_DN;PQK36_8b;35,07747;86,12502;2690,678;19,05;19,05;20.09.2021 15:29;;;Yes
Measurements 20Sep21;Ver_Left_UP_UP;PQK62_8;157,54378;87,56725;2286,8049;6,35;6,35;20.09.2021 15:37;;;Yes
Measurements 20Sep21;Ver_Left_UP_UP;PQK62_7;157,5634;87,56127;2807,0674;6,35;6,35;20.09.2021 15:38;;;Yes
Measurements 20Sep21;Ver_Left_UP_UP;Girder_1;157,5689;87,55788;2994,7397;6,35;6,35;20.09.2021 15:38;;;Yes
Measurements 20Sep21;Ver_Left_UP_UP;Girder_1b;157,56892;87,55789;2994,7383;6,35;6,35;20.09.2021 15:38;;;Yes
Measurements 20Sep21;Ver_Left_UP_UP;PQK62_7b;157,56365;87,56127;2807,0634;6,35;6,35;20.09.2021 15:39;;;Yes
Measurements 20Sep21;Ver_Left_UP_UP;PQK62_8b;157,54408;87,56703;2286,7991;6,35;6,35;20.09.2021 15:39;;;Yes
Measurements 20Sep21;Ver_Left_UP_DN;PQK62_2;149,45821;85,26835;2006,0933;6,35;6,35;20.09.2021 15:41;;;Yes
Measurements 20Sep21;Ver_Left_UP_DN;PQK62_1;149,45287;85,26096;2526,8739;6,35;6,35;20.09.2021 15:41;;;Yes
Measurements 20Sep21;Ver_Left_UP_DN;Girder_3;149,45189;85,26088;2713,9073;6,35;6,35;20.09.2021 15:41;;;Yes
Measurements 20Sep21;Ver_Left_UP_DN;Girder_3b;149,45195;85,26099;2713,9075;6,35;6,35;20.09.2021 15:42;;;Yes
Measurements 20Sep21;Ver_Left_UP_DN;PQK62_1b;149,45275;85,26106;2526,8707;6,35;6,35;20.09.2021 15:42;;;Yes
Measurements 20Sep21;Ver_Left_UP_DN;PQK62_2b;149,45818;85,2682;2006,0981;6,35;6,35;20.09.2021 15:42;;;Yes
Measurements 20Sep21;Ver_Left_MD_UP;PQL6_8;116,46347;79,20341;1535,3468;6,35;6,35;20.09.2021 15:44;;;Yes
Measurements 20Sep21;Ver_Left_MD_UP;PQL6_7;116,46692;79,20817;2055,2556;6,35;6,35;20.09.2021 15:44;;;Yes
Measurements 20Sep21;Ver_Left_MD_UP;Girder_7;116,46727;79,20669;2244,4059;6,35;6,35;20.09.2021 15:45;;;Yes
Measurements 20Sep21;Ver_Left_MD_UP;Girder_7b;116,46737;79,20665;2244,4049;6,35;6,35;20.09.2021 15:45;;;Yes
Measurements 20Sep21;Ver_Left_MD_UP;PQL6_7b;116,46734;79,20815;2055,268;6,35;6,35;20.09.2021 15:45;;;Yes
Measurements 20Sep21;Ver_Left_MD_UP;PQL6_8b;116,46401;79,20326;1535,3565;6,35;6,35;20.09.2021 15:45;;;Yes
Measurements 20Sep21;Ver_Left_MD_DN;PQL6_2;81,70115;79,18074;1501,0083;6,35;6,35;20.09.2021 15:48;;;Yes
Measurements 20Sep21;Ver_Left_MD_DN;PQL6_1;81,71359;79,18364;2021,6468;6,35;6,35;20.09.2021 15:48;;;Yes
Measurements 20Sep21;Ver_Left_MD_DN;Girder_11;81,71063;79,18004;2210,4092;6,35;6,35;20.09.2021 15:49;;;Yes
Measurements 20Sep21;Ver_Left_MD_DN;Girder_11b;81,71055;79,17994;2210,4071;6,35;6,35;20.09.2021 15:49;;;Yes
Measurements 20Sep21;Ver_Left_MD_DN;PQL6_1b;81,71328;79,18328;2021,6586;6,35;6,35;20.09.2021 15:49;;;Yes
Measurements 20Sep21;Ver_Left_MD_DN;PQL6_2b;81,70098;79,18006;1501,0187;6,35;6,35;20.09.2021 15:49;;;Yes
Measurements 20Sep21;Ver_Left_DN_UP;PQK36_8;45,67453;85,10055;1956,7426;6,35;6,35;20.09.2021 15:51;;;Yes
Measurements 20Sep21;Ver_Left_DN_UP;PQK36_7;45,6881;85,09871;2476,4969;6,35;6,35;20.09.2021 15:51;;;Yes
Measurements 20Sep21;Ver_Left_DN_UP;Girder_15;45,68869;85,10329;2663,5992;6,35;6,35;20.09.2021 15:51;;;Yes
Measurements 20Sep21;Ver_Left_DN_UP;Girder_15b;45,68867;85,10306;2663,5988;6,35;6,35;20.09.2021 15:52;;;Yes
Measurements 20Sep21;Ver_Left_DN_UP;PQK36_7b;45,68828;85,09878;2476,4969;6,35;6,35;20.09.2021 15:52;;;Yes
Measurements 20Sep21;Ver_Left_DN_UP;PQK36_8b;45,67459;85,10066;1956,7429;6,35;6,35;20.09.2021 15:52;;;Yes
Measurements 20Sep21;Ver_Left_DN_DN;PQK36_2;37,15457;86,20008;2281,4534;6,35;6,35;20.09.2021 15:54;;;Yes
Measurements 20Sep21;Ver_Left_DN_DN;PQK36_1;37,15946;86,19531;2801,1975;6,35;6,35;20.09.2021 15:54;;;No
Measurements 20Sep21;Ver_Left_DN_DN;Girder_17;37,16004;86,19839;2989,7047;6,35;6,35;20.09.2021 15:55;;;Yes
Measurements 20Sep21;Ver_Left_DN_DN;Girder_17b;37,16012;86,19841;2989,7078;6,35;6,35;20.09.2021 15:55;;;Yes
Measurements 20Sep21;Ver_Left_DN_DN;PQK36_1;37,15966;86,19561;2801,1989;6,35;6,35;20.09.2021 15:55;;;Yes
Measurements 20Sep21;Ver_Left_DN_DN;PQK36_2b;37,15509;86,20022;2281,4525;6,35;6,35;20.09.2021 15:55;;;Yes
Measurements 20Sep21;DriftCheck1;PQK36_2;37,16768;94,09575;1990,3303;19,05;19,05;20.09.2021 15:57;;;Yes
Measurements 20Sep21;DriftCheck1;PQL6_1;81,80899;117,15847;1255,2299;19,05;19,05;20.09.2021 15:58;;;Yes
Measurements 20Sep21;DriftCheck1;PQK62_1;149,4716;112,00546;1771,7638;19,05;19,05;20.09.2021 15:58;;;Yes
